{"cameraMode":{"drawMode":0,"name":"Shaded","section":"Shading Mode"},"sceneLighting":false,"audioPlay":false,"sceneViewState":{"showFog":true,"showMaterialUpdate":false,"showSkybox":false,"showFlares":true,"showImageEffects":true,"showParticleSystems":true},"in2DMode":false,"pivot":{"x":0.0438082218170166,"y":1.6546400785446168,"z":8.851897239685059},"rotation":{"x":-0.060714639723300937,"y":0.9392502307891846,"z":-0.23464392125606538,"w":-0.2430332750082016},"size":2.4247448444366457,"orthographic":false}