{"cameraMode":{"drawMode":0,"name":"Shaded","section":"Shading Mode"},"sceneLighting":false,"audioPlay":false,"sceneViewState":{"showFog":true,"showMaterialUpdate":false,"showSkybox":true,"showFlares":true,"showImageEffects":true,"showParticleSystems":true},"in2DMode":false,"pivot":{"x":-0.9446344375610352,"y":0.4588613510131836,"z":3.8715953826904299},"rotation":{"x":0.3527846336364746,"y":-0.570917546749115,"z":0.2963714301586151,"w":0.6796298027038574},"size":6.924746513366699,"orthographic":false}